Timestamp,acc.x,acc.y,acc.z,gyro.x,gyro.y,gyro.z
48178,0.009862659499049187,-0.005711672827601433,1.0008779764175415,-0.10295853018760681,0.1225578710436821,0.09278438240289688
48278,0.00942886434495449,-0.0066191270016133785,0.9999210834503174,-0.11205336451530457,0.1554313749074936,0.05283091962337494
48378,0.012541169300675392,-0.004389538429677486,0.9987711310386658,0.17026574909687042,-0.2100931853055954,0.03944099321961403
48478,0.00985993817448616,-0.0033085353206843138,0.9994763135910034,-0.10718096792697906,-0.009477189742028713,0.12272707372903824
48578,0.008932685479521751,-0.00837364699691534,0.9994562864303589,0.07075389474630356,-0.3944483995437622,0.22765077650547028
48678,0.007620712276548147,-0.0062224771827459335,1.0009022951126099,-0.04223090782761574,-0.15395767986774445,-0.0935470461845398
48778,0.010111789219081402,-0.005515107419341803,0.9977543354034424,-0.08162155002355576,-0.22319892048835754,-0.1121433675289154
48878,0.008178602904081345,-0.004449280444532633,0.9987142086029053,-0.027709178626537323,0.017276650294661522,-0.040282439440488815
48978,0.010521428659558296,-0.0037481344770640135,0.9991801977157593,-0.16771700978279114,-0.11900613456964493,-0.1023138090968132
49078,0.009339563548564911,-0.0047346604987978935,1.0009498596191406,-0.037151262164115906,-0.06738529354333878,0.08590676635503769
49178,0.011736229993402958,-0.005538172088563442,0.9982630014419556,0.003430976765230298,0.3468840420246124,-0.050669651478528976
49278,0.011178168468177319,-0.005380857735872269,1.0004758834838867,-0.1372564285993576,-0.291888028383255,-0.026932243257761
49378,0.010716952383518219,-0.005685476586222649,0.9986220002174377,-0.27280107140541077,0.06591729074716568,-0.02919522300362587
49478,0.009782381355762482,-0.0051308064721524715,0.9986459612846375,0.24285376071929932,0.21946066617965698,0.23250475525856018
49578,0.01013918686658144,-0.004747765138745308,0.9993447065353394,-0.1903151124715805,0.016971206292510033,-0.08120102435350418
49678,0.010960494168102741,-0.004618057981133461,0.9976126551628113,0.14052288234233856,0.04837026074528694,0.046801045536994934
49778,0.009455008432269096,-0.0067818062379956245,1.0005489587783813,0.15695343911647797,-0.2018243819475174,-0.2266717553138733
49878,0.010645375587046146,-0.0037784778978675604,1.000519871711731,0.33666086196899414,-0.03598402068018913,0.19700074195861816
49978,0.010059735737740993,-0.004224982112646103,1.0005614757537842,-0.33304470777511597,0.13051947951316833,-0.04042921960353851
50078,0.008925559930503368,-0.003995295614004135,0.9978837966918945,0.020621081814169884,-0.05174547806382179,0.11803403496742249
50178,0.01115815993398428,-0.005472118034958839,1.0006577968597412,-0.2966635525226593,0.15639759600162506,0.040440917015075684
51595,0.010714646428823471,-0.005554086063057184,1.0004113912582397,0.003350672544911504,-0.2976876199245453,0.102091483771801
51695,0.012199487537145615,-0.005900018848478794,1.0014344453811646,0.24679625034332275,-0.18198195099830627,0.200792595744133
51795,0.011315232142806053,-0.005366255063563585,0.9998804330825806,-0.3041919469833374,-0.037316713482141495,-0.0446978397667408
51895,0.010165002197027206,-0.006600680761039257,0.9992950558662415,-0.03426811844110489,0.011896522715687752,-0.050968825817108154
51995,0.009000478312373161,-0.00594949908554554,0.9995478391647339,-0.16646869480609894,0.2174917608499527,0.010866365395486355
52095,0.010036030784249306,-0.004252276383340359,1.001442790031433,-0.022990882396697998,-0.055752452462911606,-0.15583743155002594
52195,0.009657738730311394,-0.005103113129734993,1.0013644695281982,-0.2476179599761963,-0.029674073681235313,0.004589597694575787
52295,0.00960378348827362,-0.00477151433005929,0.9995771646499634,0.09076520800590515,-0.3419550061225891,-0.0276105348020792
52395,0.008958644233644009,-0.006669276859611273,0.9998745918273926,0.09836243838071823,-0.02493879571557045,0.10676698386669159
52495,0.009224104695022106,-0.005685744341462851,1.000166893005371,0.0791604071855545,-0.0625828355550766,-0.07067697495222092
52595,0.010811744257807732,-0.004558455664664507,0.9987632036209106,0.0371122844517231,0.059762075543403625,0.21699513494968414
52695,0.00932838674634695,-0.004720340948551893,1.0019992589950562,-0.02787848934531212,0.059850893914699554,0.11515659838914871
52795,0.008589462377130985,-0.0044941953383386135,0.9981727004051208,0.15873238444328308,0.038539063185453415,-0.07979442179203033
52895,0.010104278102517128,-0.006704483646899462,1.0012550354003906,-0.06079954281449318,0.15675613284111023,-0.15953420102596283
52995,0.009322073310613632,-0.004719174932688475,1.000766634941101,0.004359673708677292,0.03445590287446976,0.25825294852256775
53095,0.01100929919630289,-0.005359578412026167,1.0007554292678833,-0.02138911746442318,0.1814187616109848,0.010562664829194546
53195,0.010277376510202885,-0.004637428559362888,0.998110294342041,-0.23707915842533112,-0.09957916289567947,-0.13128046691417694
53295,0.008702069520950317,-0.0041531710885465145,0.9979658126831055,0.10029523074626923,-0.07940339297056198,-0.2723257839679718
53395,0.010164291597902775,-0.004579597618430853,1.0006479024887085,0.14825472235679626,-0.07650187611579895,0.33186212182044983
53495,0.009509041905403137,-0.0031198090873658657,1.0015873908996582,0.031101102009415627,-0.11211667209863663,-4.496185283642262e-05
53595,0.010343304835259914,-0.006241976749151945,1.0009082555770874,-0.05908918008208275,-0.42075201869010925,-0.25180482864379883
53695,0.01193813793361187,-0.006085770670324564,0.9990856051445007,-0.038677893579006195,-0.0010026643285527825,-0.02481207624077797
53795,0.011206140741705894,-0.003976131789386272,0.9993376731872559,0.03239283338189125,-0.4215547442436218,-0.041071031242609024
53895,0.011526702903211117,-0.005172984208911657,1.00052011013031,0.10800228267908096,-0.08848624676465988,0.1781020611524582
53995,0.009261514991521835,-0.008270544931292534,1.0010337829589844,-0.16931039094924927,0.041985832154750824,0.0946529433131218
54095,0.00867183692753315,-0.005195175763219595,0.9997316002845764,0.14236165583133698,0.04868989437818527,0.03915408253669739
54195,0.01056517194956541,-0.0053393044508993626,0.9997796416282654,-0.03926152363419533,0.24485138058662415,0.1278681457042694
54295,0.010766193270683289,-0.005367654841393232,0.9999507665634155,0.08826589584350586,-0.06769131869077682,-0.3214000165462494
54395,0.009864808060228825,-0.005225338973104954,0.999280571937561,0.03464514762163162,-0.17299921810626984,-0.26473596692085266
54495,0.009271480143070221,-0.004091464448720217,0.999643862247467,-0.045838404446840286,0.10887010395526886,0.056545473635196686
54595,0.009996329434216022,-0.006609427276998758,0.9994127750396729,-0.16447129845619202,0.002803893992677331,0.004451761022210121
54695,0.011387589387595654,-0.0032462128438055515,0.9992672801017761,-0.16937381029129028,-0.03592095151543617,-0.08525586873292923
54795,0.009065997786819935,-0.006197087932378054,1.0004937648773193,-0.04281232878565788,0.2539384961128235,0.04792194813489914
54895,0.009296108037233353,-0.0049783652648329735,0.9984334111213684,0.03696219250559807,-0.2944001257419586,-0.10192431509494781
54995,0.009879369288682938,-0.005623096600174904,1.000419020652771,-0.009474720805883408,0.18227452039718628,0.07673031091690063
55095,0.01075102761387825,-0.00571288401260972,0.9995461106300354,0.16838595271110535,-0.00625623669475317,0.2986903786659241
55195,0.009495028294622898,-0.005159309133887291,0.9981013536453247,-0.0387483686208725,0.3495158553123474,-0.03594934567809105
55295,0.0099965650588274,-0.003908817190676928,1.0002845525741577,0.08702082931995392,-0.22932949662208557,-0.0693776085972786
55395,0.008070332929491997,-0.00402516033500433,0.9986702799797058,0.009695686399936676,0.24765466153621674,-0.08901728689670563
55495,0.00873948447406292,-0.006008768919855356,1.0023634433746338,0.11059895157814026,-0.017598602920770645,0.015916844829916954
55595,0.009600269608199596,-0.004668365698307753,1.0013562440872192,0.08406171202659607,-0.10799665004014969,0.2243679016828537
55695,0.011375706642866135,-0.00468812882900238,1.0000174045562744,0.028984293341636658,0.20804433524608612,0.12633556127548218
55795,0.010372237302362919,-0.00532536068931222,1.0001485347747803,0.2971726357936859,-0.1275612711906433,-0.09348378330469131
59254,0.011510321870446205,-0.004538177512586117,0.9986831545829773,0.16066601872444153,-0.06887895613908768,0.24026274681091309
59354,0.012104016728699207,-0.004095451906323433,0.9986189603805542,-0.01422187127172947,0.02925698459148407,0.09868636727333069
59454,0.011218251660466194,-0.0040891822427511215,0.9998007416725159,-0.08021945506334305,-0.028929464519023895,-0.16313393414020538
59554,0.011496935971081257,-0.008029717952013016,1.0008702278137207,-0.20566530525684357,0.09055144339799881,0.016086969524621964
59654,0.00920148752629757,-0.006137191783636808,0.9982438087463379,-0.1271739900112152,0.04951087385416031,0.2122020572423935
59754,0.010259527713060379,-0.007812468335032463,0.9993744492530823,0.1243935227394104,-0.05118478834629059,0.23006926476955414
59854,0.011987477540969849,-0.004796328954398632,1.0021616220474243,-0.1683897078037262,-0.10937764495611191,0.26058509945869446
59954,0.01178731769323349,-0.005023915786296129,1.001189947128296,-0.24542176723480225,-0.24408107995986938,-0.03539822995662689
60054,0.012641560286283493,-0.003072581719607115,0.9989235401153564,-0.08243993669748306,0.15379352867603302,-0.020393680781126022
60154,0.011227412149310112,-0.003942903596907854,0.9995694160461426,0.14539013803005219,-0.1651235669851303,0.03985291346907616
60254,0.010293900966644287,-0.006332842633128166,1.0017749071121216,-0.09648551791906357,-0.15735603868961334,0.1345626413822174
60354,0.010602500289678574,-0.004984219092875719,0.9989219307899475,-0.1574682891368866,-0.09049580991268158,0.05803311616182327
60454,0.011029018089175224,-0.007635529153048992,0.9994205832481384,-0.032751474529504776,0.017661629244685173,0.1582353264093399
60554,0.011841553263366222,-0.004570528399199247,0.9981529116630554,-0.03163833171129227,-0.008868493139743805,-0.10956991463899612
60654,0.010524330660700798,-0.005316342692822218,0.9998291730880737,0.14768163859844208,-0.1345394253730774,0.05707446113228798
60754,0.009716197848320007,-0.0059444294311106205,0.9985605478286743,0.07977007329463959,-0.23430882394313812,0.11382351815700531
60854,0.011574416421353817,-0.0059831468388438225,1.0021826028823853,0.3026072084903717,0.01461210660636425,0.07176651805639267
60954,0.009134754538536072,-0.0054248180240392685,1.0011916160583496,0.027192912995815277,0.31926679611206055,-0.14861802756786346
61054,0.008345725946128368,-0.005405442789196968,1.0009026527404785,0.5314719080924988,-0.01323627308011055,0.23318694531917572
61154,0.009763982146978378,-0.007091641891747713,0.998102068901062,0.024692701175808907,0.09064706414937973,0.056597400456666946
61254,0.010485111735761166,-0.004577090963721275,1.0006141662597656,0.22616510093212128,-0.20151348412036896,0.08239255845546722
61354,0.01098421961069107,-0.00639976654201746,0.9999073147773743,0.256537526845932,-0.2334073781967163,-0.3071613311767578
61454,0.010140113532543182,-0.0059802415780723095,0.9998763799667358,0.044653572142124176,-0.0718490406870842,0.1274241805076599
61554,0.008217104710638523,-0.005652839783579111,0.997339129447937,-0.2012435644865036,0.07392437756061554,0.010437913239002228
61654,0.009920129552483559,-0.006000121124088764,1.0010515451431274,0.1639474481344223,0.0618627704679966,-0.01422604639083147
61754,0.010069651529192924,-0.004437863361090422,1.000245451927185,-0.007123865187168121,-0.04781030863523483,-0.28056976199150085
61854,0.008929354138672352,-0.003207397647202015,0.997833251953125,-0.12545296549797058,0.07489600777626038,0.04800039902329445
61954,0.011505478993058205,-0.005421753507107496,0.9984420537948608,-0.02260734513401985,-0.030049417167901993,-0.29026439785957336
62054,0.011656338348984718,-0.007388220634311438,1.000390887260437,-0.03600294142961502,-0.29910674691200256,-0.13166449964046478
62154,0.009992029517889023,-0.008082693442702293,0.9987453818321228,0.038320254534482956,-0.13122662901878357,0.3380013108253479
62254,0.008842986077070236,-0.004040911793708801,1.0011415481567383,-0.07061219215393066,-0.07031416147947311,-0.0686749815940857
62354,0.008858585730195045,-0.006310298107564449,1.0021430253982544,0.041114144027233124,0.328178733587265,0.13785643875598907
62454,-0.021183200180530548,-0.020910508930683136,0.9970769286155701,-0.3739738464355469,0.3287055194377899,-2.8092949390411377
62554,-0.1028992310166359,0.009208678267896175,1.0033620595932007,-0.03433065116405487,0.6497860550880432,-10.766448974609375
62654,0.03160237893462181,-0.054816704243421555,1.0019954442977905,0.881955087184906,-0.3914872407913208,0.16679713129997253
62754,-0.0022812013048678637,0.012820419855415821,1.057841420173645,-20.881546020507812,19.148487091064453,31.285179138183594
62854,0.011628719978034496,-0.029518699273467064,1.0844833850860596,-1.5953937768936157,-14.127933502197266,-1.4386907815933228
62954,0.015288366936147213,-0.04563063755631447,1.056968092918396,5.5399298667907715,-10.362655639648438,15.108475685119629
63054,0.026685725897550583,-0.04323961213231087,1.005623698234558,7.060865879058838,-18.938587188720703,6.033151149749756
63154,0.046564728021621704,-0.005376955959945917,1.033333420753479,15.13374137878418,-6.103066444396973,-11.094362258911133
63254,0.051302120089530945,-0.006881651934236288,0.992769718170166,-0.9036871194839478,-8.273787498474121,5.914920806884766
63354,0.07814782857894897,0.013597182929515839,1.000178575515747,-5.031935214996338,-0.7173274755477905,-5.296255588531494
63454,0.03069860115647316,-0.03187961131334305,0.9461371302604675,-8.502144813537598,6.873610019683838,15.66309642791748
63554,-0.012119563296437263,-0.054317355155944824,0.9099557399749756,-7.49925422668457,8.010688781738281,10.562137603759766
63654,0.002969437511637807,-0.04916076362133026,0.9514877796173096,-0.23794139921665192,4.34202766418457,4.110965728759766
63754,0.03217554837465286,-0.02715999446809292,0.9954003691673279,9.013213157653809,2.870770215988159,-1.8588584661483765
63854,0.06023634597659111,0.011445174925029278,0.9919318556785583,7.989243507385254,1.2136329412460327,-9.128028869628906
63954,0.06139695644378662,0.005597265437245369,1.0151814222335815,4.570562362670898,-1.9318339824676514,-1.639111876487732
64054,0.013842608779668808,-0.016914213076233864,0.9850671291351318,9.566447257995605,-1.5509388446807861,16.432287216186523
64154,0.01400318369269371,0.000443094817455858,0.9752317667007446,54.53851318359375,-12.808011054992676,-2.774127244949341
64254,0.04832446575164795,0.11471761018037796,0.9783639311790466,83.95530700683594,-8.636589050292969,-40.925506591796875
64354,0.06876662373542786,0.32662007212638855,0.9176220893859863,122.14259338378906,0.6262853145599365,-37.918758392333984
64454,0.08266497403383255,0.5901328325271606,0.7999027967453003,133.64479064941406,1.5869580507278442,-9.859038352966309
64554,0.004740685224533081,0.6571034789085388,0.6848968267440796,100.25909423828125,9.078788757324219,-33.797607421875
64654,0.028512895107269287,0.7004413604736328,0.6188145875930786,10.190255165100098,14.09211254119873,1.6683259010314941
64754,-0.0006992394919507205,0.7359634041786194,0.6171103715896606,1.955615758895874,4.927979469299316,1.0081850290298462
64854,-0.0180125143378973,0.6734080910682678,0.6056267619132996,7.177793025970459,-9.52956771850586,-31.323633193969727
64954,0.018804697319865227,0.7480098605155945,0.5970625877380371,1.3959765434265137,1.9318678379058838,-13.3803129196167
65054,0.01613239198923111,0.7333425879478455,0.6076638698577881,-7.23526668548584,-4.251884460449219,-7.819155693054199
65154,-0.0018142648041248322,0.7290298342704773,0.6247841119766235,-6.096524715423584,2.1425657272338867,-7.958984375
65254,-0.008001097477972507,0.738145112991333,0.5996548533439636,-4.5074687004089355,1.0292247533798218,-4.367508411407471
65354,0.000169127102708444,0.82042396068573,0.6053087115287781,7.549450874328613,-8.911558151245117,-7.139748573303223
65454,0.08813401311635971,0.8034349083900452,0.6573435664176941,6.396982669830322,-12.050554275512695,-0.8753002882003784
65554,0.03454522043466568,0.8048305511474609,0.6139331459999084,-1.3865305185317993,-8.105362892150879,9.686041831970215
65654,0.03346575051546097,0.7402607202529907,0.670558750629425,-16.380001068115234,-2.3928983211517334,21.907394409179688
65754,0.07931668311357498,0.8199788928031921,0.6521497964859009,-10.067501068115234,-8.682101249694824,13.672439575195312
65854,0.161055326461792,0.6716995239257812,0.7839201092720032,-65.58417510986328,-2.2201597690582275,0.36500826478004456
65954,0.17071440815925598,0.6502547264099121,0.7961070537567139,-48.11796569824219,-6.5224714279174805,3.2224791049957275
66054,0.08188219368457794,0.5445509552955627,0.866260826587677,-78.6047134399414,3.058497190475464,-0.7963243126869202
66154,0.04232727736234665,0.4130012094974518,0.8558110594749451,-44.2867546081543,-9.89234733581543,6.000354766845703
66254,0.07216576486825943,0.3646763861179352,0.9062288999557495,-59.728782653808594,-6.938100814819336,-2.568357467651367
66354,0.1226276084780693,0.17625045776367188,0.9723373651504517,-60.68737030029297,8.573020935058594,8.35038948059082
66454,0.07185631990432739,0.13147547841072083,0.9673281311988831,-32.908668518066406,2.9232072830200195,21.74632453918457
66554,0.08232497423887253,0.10405109077692032,1.031645655632019,-16.51546859741211,3.280148983001709,-4.9343085289001465
66654,0.0899011492729187,0.052708808332681656,1.0256109237670898,-13.421789169311523,-8.82913589477539,9.226641654968262
66754,0.08039617538452148,0.08704189211130142,0.9928744435310364,-1.0731613636016846,1.4651942253112793,6.313152313232422
66854,0.06558424979448318,0.04380517452955246,0.9875432848930359,-2.727846384048462,1.9427059888839722,6.977817535400391
66954,0.04530087858438492,0.06031167507171631,0.9803281426429749,1.7426422834396362,1.1246401071548462,0.770149290561676
67054,0.051415346562862396,0.07635826617479324,0.9855802059173584,2.061469793319702,5.8700432777404785,-1.514072299003601
67154,0.0374569296836853,0.06986134499311447,0.9902883172035217,4.053041458129883,2.715017080307007,-2.0901572704315186
67254,0.03267592564225197,0.09700022637844086,0.9511213898658752,-3.836172103881836,0.18232393264770508,1.7914226055145264
67354,0.1001533716917038,0.10742522031068802,1.048510193824768,2.1723990440368652,-1.4382573366165161,5.480617046356201
67454,0.06490147113800049,0.08449751883745193,0.9893230199813843,-1.7778785228729248,7.941296100616455,-1.3935439586639404
67554,0.023948416113853455,0.09560507535934448,0.9603498578071594,21.41393280029297,34.289058685302734,-9.157299995422363
67654,-0.08313635736703873,0.14104372262954712,0.8971570134162903,-8.216251373291016,60.348697662353516,-10.249045372009277
67754,-0.1569531112909317,0.032872240990400314,1.007503867149353,6.487094402313232,61.22701644897461,-25.704730987548828
67854,-0.3115445673465729,0.10380138456821442,0.9198492765426636,-4.41721773147583,77.58673858642578,-40.68352127075195
67954,-0.36298632621765137,0.09195268899202347,0.9345254302024841,-2.7821903228759766,64.8394546508789,-1.6156495809555054
68054,-0.46559953689575195,0.12057875096797943,0.8493526577949524,-10.113138198852539,70.65929412841797,-14.810321807861328
68154,-0.5865363478660583,0.07223490625619888,0.8144369125366211,-23.532894134521484,21.585384368896484,5.055221080780029
68254,-0.6582842469215393,0.00011680494935717434,0.7580840587615967,-2.2969822883605957,0.6464923024177551,10.638389587402344
68354,-0.6418638825416565,-0.06845279037952423,0.7696125507354736,11.116490364074707,-12.271966934204102,-2.1973142623901367
68454,-0.5829076170921326,0.07641235738992691,0.832760751247406,12.627097129821777,-16.757509231567383,4.186962127685547
68554,-0.4876341223716736,0.10652568191289902,0.8611868619918823,-1.3538695573806763,-10.624299049377441,6.642592906951904
68654,-0.5057982802391052,0.13792307674884796,0.8632079362869263,-7.688873291015625,8.876909255981445,2.8519625663757324
68754,-0.5260201096534729,0.06177223473787308,0.8354703187942505,-17.03868293762207,0.0027218172326684,2.2345130443573
68854,-0.5218597650527954,0.03869078308343887,0.8529627323150635,-8.873231887817383,6.6320481300354,-2.958953619003296
68954,-0.5751991271972656,0.042164143174886703,0.8030735850334167,-1.4963032007217407,6.655828475952148,5.517868518829346
69054,-0.607245147228241,0.020673906430602074,0.7760084867477417,-19.696243286132812,12.449921607971191,-4.1138505935668945
69154,-0.6352084279060364,-0.0371694378554821,0.7730312943458557,-2.5817089080810547,3.808767795562744,-2.674797534942627
69254,-0.6067225337028503,-0.019598249346017838,0.7731080055236816,3.9236807823181152,-2.5641772747039795,-5.773437023162842
69354,-0.6304472088813782,0.004552602302283049,0.7591652274131775,-7.217916965484619,-13.836540222167969,8.66785717010498
69454,-0.5126820206642151,0.031322333961725235,0.8636406064033508,-4.7366042137146,-31.262939453125,12.196301460266113
69554,-0.4204449951648712,0.07621578872203827,0.9560577273368835,-8.828466415405273,-46.38387680053711,9.601749420166016
69654,-0.2938067615032196,0.016294755041599274,0.9752219915390015,7.012693881988525,-75.66532135009766,9.492653846740723
69754,-0.20206810534000397,0.04248384013772011,0.9308202862739563,-3.1114864349365234,-70.58470153808594,18.857086181640625
69854,-0.10990257561206818,0.012837352231144905,0.9495136141777039,-8.979098320007324,-40.42593765258789,-0.08193192631006241
69954,-0.037488531321287155,-0.0005325900856405497,0.968846321105957,-6.292874336242676,-20.490257263183594,15.508293151855469
70054,0.01461106352508068,0.019460493698716164,1.0168875455856323,9.016173362731934,-20.3961181640625,0.23710577189922333
70154,0.06684804707765579,0.016555948182940483,1.0342358350753784,-0.5455244183540344,-5.962164878845215,-1.9871989488601685
70254,0.07776585966348648,0.04434812813997269,1.0249230861663818,-0.7464624047279358,-0.9020885229110718,5.095804214477539
70354,0.042650006711483,0.023910874500870705,1.000533938407898,-7.586099147796631,8.04488754272461,5.673327922821045
70454,0.045975212007761,0.02143300510942936,1.0179098844528198,-6.406944751739502,6.498167514801025,8.820747375488281
70554,0.045933425426483154,0.028623780235648155,1.0196574926376343,1.8385889530181885,1.7375643253326416,5.287284851074219
70654,0.022624988108873367,0.005189985036849976,1.0012376308441162,0.7925143837928772,4.229814052581787,0.42169490456581116
70754,0.014571711421012878,0.006514046341180801,1.0113946199417114,-1.3899810314178467,-4.117250442504883,2.1739087104797363
70854,0.032433561980724335,-0.030203798785805702,1.0125079154968262,0.18942256271839142,-2.690764904022217,1.0827018022537231
70954,0.047926031053066254,-0.021207580342888832,1.0466032028198242,-1.1746474504470825,-6.445489406585693,-0.46991199254989624
71054,0.0028889768291264772,-0.043538641184568405,0.9940018057823181,-18.88854217529297,-3.759634494781494,4.209146022796631
71154,0.02236725203692913,-0.0875415951013565,0.9971560835838318,-58.25584030151367,1.436887264251709,7.967652320861816
71254,-0.014844133518636227,-0.23218433558940887,0.9628548622131348,-58.0185546875,0.5558176636695862,1.3659566640853882
71354,-0.008492667227983475,-0.3251667618751526,0.9355149865150452,-35.86246871948242,-12.620096206665039,6.337770938873291
71454,-0.038702141493558884,-0.43553808331489563,0.8747590780258179,-51.8562126159668,-20.656993865966797,-27.82464027404785
71554,-0.0027405819855630398,-0.4875432252883911,0.8151273727416992,-82.28340148925781,10.660642623901367,-34.201690673828125
71654,0.016686992719769478,-0.648325502872467,0.7636697888374329,-42.69301986694336,4.097252368927002,-42.29093933105469
71754,0.05044617876410484,-0.6736807227134705,0.738372802734375,-91.55559539794922,-16.669408798217773,24.091453552246094
71854,0.07682006061077118,-0.7167231440544128,0.74558025598526,10.880607604980469,-2.0642621517181396,0.20481815934181213
71954,0.008513388223946095,-0.7275260090827942,0.6925252676010132,11.748538970947266,-5.658095359802246,2.1893222332000732
72054,0.0545426607131958,-0.7007377743721008,0.7549974918365479,4.3612847328186035,-5.2765655517578125,2.538663625717163
72154,0.04407169297337532,-0.7182722091674805,0.7359248399734497,4.953389644622803,-8.51607608795166,1.2165604829788208
72254,0.05019136890769005,-0.6995987296104431,0.7286616563796997,6.696739673614502,-1.941123127937317,-4.4530253410339355
72354,0.061540696769952774,-0.7051674127578735,0.7484908699989319,9.429902076721191,-0.5456563234329224,-0.08070307970046997
72454,0.026970351114869118,-0.706195056438446,0.6976398229598999,-1.2552419900894165,-3.5866713523864746,2.612596273422241
72554,0.04661794379353523,-0.7295805811882019,0.7316592335700989,-1.9628404378890991,-2.538968324661255,-6.280476093292236
72654,0.055090952664613724,-0.6969625353813171,0.7229885458946228,20.58238983154297,1.8629069328308105,-4.540852069854736
72754,0.0462789312005043,-0.6874812841415405,0.7363842129707336,16.29930305480957,-2.2455170154571533,-7.760591506958008
72854,0.044817741960287094,-0.6705715656280518,0.7794057130813599,4.350686073303223,1.2011581659317017,3.8402576446533203
72954,0.028852438554167747,-0.6681874394416809,0.7561551928520203,15.058262825012207,0.4562922418117523,6.43210506439209
73054,0.02169000543653965,-0.636269211769104,0.7641805410385132,18.935956954956055,-7.972588539123535,0.2697801887989044
73154,0.027631200850009918,-0.6101295948028564,0.7799157500267029,22.286941528320312,0.45519736409187317,4.42628812789917
73254,0.005662709008902311,-0.49212995171546936,0.8129100203514099,92.65253448486328,5.214585781097412,-21.454345703125
73354,0.016262385994195938,-0.3781541883945465,0.8822049498558044,40.94937515258789,31.273597717285156,-8.087090492248535
73454,0.017306214198470116,-0.2768019735813141,0.9818971157073975,55.44401168823242,-2.6097850799560547,9.384087562561035
73554,0.08033040165901184,-0.2278899848461151,1.0046782493591309,82.39876556396484,-18.829225540161133,18.363521575927734
73654,0.025561021640896797,-0.05770380049943924,1.0329203605651855,39.767845153808594,-10.595590591430664,15.542827606201172
73754,0.021564073860645294,0.059834547340869904,1.006500005722046,71.20108795166016,-9.308342933654785,17.802059173583984
73854,0.024971676990389824,0.023283131420612335,1.0116926431655884,-25.26121711730957,-0.12319329380989075,21.753271102905273
73954,0.021738100796937943,-0.00538845919072628,1.004600167274475,-17.466960906982422,29.945833206176758,7.079399108886719
74054,-0.0008563607116229832,0.023395786061882973,1.0084490776062012,-22.147132873535156,15.00129222869873,11.862105369567871
74154,-0.04156004264950752,0.03542614355683327,0.9658870697021484,0.08892848342657089,0.7974873185157776,-12.941094398498535
74254,-0.0038611693307757378,0.024777987971901894,0.9996001720428467,19.371662139892578,-11.885175704956055,-26.715110778808594
74354,0.009833237156271935,-0.00606162054464221,1.009228229522705,-1.5447641611099243,4.274482727050781,-5.552206516265869
74454,0.003653273219242692,0.006982035003602505,1.0294380187988281,5.413847923278809,3.32314133644104,-5.324121475219727
74554,-0.006905563175678253,0.021955663338303566,1.017523169517517,6.0670294761657715,-2.526780843734741,-10.712590217590332
74654,0.003785859327763319,0.027586793527007103,1.0175957679748535,2.088075637817383,-7.314610958099365,-4.494639873504639
74754,-0.016057094559073448,0.0393197238445282,1.0162348747253418,-24.15286636352539,3.0590665340423584,18.88905143737793
74854,0.0064423601143062115,0.004690262954682112,1.02787446975708,-4.4437384605407715,-13.342039108276367,7.031891822814941
74954,0.08084351569414139,-0.00920041836798191,1.056193470954895,2.6480016708374023,-49.60403823852539,13.191494941711426
75054,0.0636390969157219,-0.05871020257472992,0.9402417540550232,7.374928951263428,-52.80052947998047,-4.900720119476318
75154,0.2325073629617691,-0.014319171197712421,0.8981553912162781,3.145204544067383,-65.1865005493164,-2.9973790645599365
75254,0.4285963773727417,0.030953651294112206,0.9015352129936218,2.3468987941741943,-92.8569107055664,-26.338735580444336
75354,0.47718754410743713,0.018834436312317848,0.8526540994644165,-3.657996892929077,-52.680484771728516,9.913223266601562
75454,0.58812016248703,0.02263537235558033,0.8382250070571899,15.989205360412598,-80.85895538330078,-20.38176727294922
75554,0.5744511485099792,0.02631654404103756,0.7860899567604065,-3.6211493015289307,-25.580278396606445,5.6426496505737305
75654,0.686169445514679,0.080971859395504,0.7847887277603149,-2.991203546524048,-14.36493968963623,-8.97171401977539
75754,0.6187103390693665,0.05849895253777504,0.7233675122261047,-15.003303527832031,14.696673393249512,-7.048637390136719
75854,0.7060133218765259,0.10182172805070877,0.7512085437774658,3.9018774032592773,-6.21923303604126,1.7009782791137695
75954,0.7033142447471619,0.10031755268573761,0.7431654930114746,-0.2919556796550751,2.150615930557251,8.96750259399414
76054,0.6624854207038879,0.014439576305449009,0.725665271282196,-9.291814804077148,14.231439590454102,-1.2933727502822876
76154,0.6713328957557678,-0.0027656988240778446,0.7404921054840088,1.100458025932312,5.1635870933532715,-3.9343085289001465
76254,0.6554105281829834,0.011203424073755741,0.7353447675704956,-3.1727914810180664,4.296812057495117,-8.593954086303711
76354,0.645832896232605,-0.0039116921834647655,0.7507118582725525,-10.131274223327637,6.48205041885376,2.1904170513153076
76454,0.6612037420272827,0.006107929162681103,0.7478134036064148,-9.490915298461914,3.59780216217041,3.7391037940979004
76554,0.6512853503227234,0.027414914220571518,0.7439271807670593,-0.97157222032547,3.5396170616149902,5.680907249450684
76654,0.654270589351654,0.011481310240924358,0.7814488410949707,12.742212295532227,41.26845932006836,32.446502685546875
76754,0.5958461761474609,0.010509807616472244,0.8350437879562378,-1.834136724472046,27.526138305664062,32.57400131225586
76854,0.4877004027366638,-0.03308699652552605,0.8265069127082825,6.6292924880981445,32.57582473754883,15.732704162597656
76954,0.5029605627059937,0.011334693059325218,0.9022721648216248,25.09746551513672,79.4970932006836,-19.732669830322266
77054,0.39335936307907104,0.010693726129829884,0.9790430665016174,1.7417752742767334,61.325199127197266,23.914796829223633
77154,0.2203882485628128,-0.054016150534152985,0.9573627710342407,1.3733783960342407,39.029441833496094,15.931705474853516
77254,0.14817437529563904,-0.08396290242671967,1.0004568099975586,8.554264068603516,15.078947067260742,-0.3142344355583191
77354,0.1137363463640213,-0.08523958921432495,0.9735802412033081,26.93547248840332,28.57864761352539,-2.760913848876953
77454,0.068705253303051,-0.0005618382128886878,0.9938271045684814,19.082883834838867,2.4072532653808594,-11.801650047302246
77554,0.06466256082057953,0.023772023618221283,1.0145057439804077,-2.6935784816741943,2.9884085655212402,-6.441829681396484
77654,0.05890638381242752,0.03894598409533501,0.9936444759368896,-3.860069751739502,-1.8875595331192017,-4.221181392669678
77754,0.04936443269252777,0.009196823462843895,0.9939931631088257,-12.356583595275879,-1.8060688972473145,10.062799453735352
77854,0.054123494774103165,0.011203114874660969,0.9680172204971313,-3.6539359092712402,-2.816828727722168,4.102744102478027
77954,0.0720382034778595,-0.0008358685881830752,0.9818533658981323,-4.0917887687683105,-2.2385640144348145,4.474891185760498
78054,0.04655848443508148,0.0045386143028736115,0.9362515807151794,1.233157753944397,1.4035594463348389,-8.458866119384766
78154,0.07204907387495041,0.004652448929846287,0.965473473072052,2.9096083641052246,6.326908111572266,-6.422683238983154
78254,0.06058763340115547,0.008809813298285007,0.9846657514572144,0.8139471411705017,8.929960250854492,-2.103425979614258
78354,0.020370425656437874,-0.02397267147898674,0.9799696207046509,-4.9133429527282715,7.2466020584106445,0.2515715956687927
78454,0.02316422387957573,0.012198944576084614,1.0042918920516968,8.91196060180664,9.428786277770996,-18.88142204284668
78554,0.028130440041422844,-0.0003424800233915448,1.0429683923721313,-9.095220565795898,-3.024794101715088,8.991724967956543
78654,0.03956113010644913,-0.020162856206297874,1.0422413349151611,-29.804988861083984,10.89745044708252,-5.308629512786865
78754,0.0338958203792572,-0.004935517441481352,1.059842586517334,9.72831916809082,11.452766418457031,-7.622450828552246
78854,0.013769288547337055,-0.028774647042155266,1.2046518325805664,0.845768928527832,0.45098912715911865,-4.577181339263916
78954,0.04263758286833763,-0.048128072172403336,1.003664255142212,0.1602947860956192,-0.44984081387519836,-4.055570125579834
79054,0.013671492226421833,-0.003282176563516259,1.0009088516235352,0.2440616339445114,0.12304092198610306,-1.4759103059768677
79154,0.011906827799975872,-0.006107089575380087,1.0007617473602295,-0.050755806267261505,-0.351365327835083,0.28983286023139954
79254,0.007157953921705484,-0.006841771304607391,1.0018295049667358,0.05774785205721855,-0.01008407399058342,-0.17201142013072968
79354,0.009522405453026295,-0.004785042256116867,0.9985197186470032,-0.132597878575325,0.04598468914628029,0.19733841717243195
79454,0.009172261692583561,-0.006183522287756205,0.999930739402771,0.1178012415766716,0.0591357946395874,0.10707572102546692
79554,0.008753538131713867,-0.00393338967114687,0.9999558329582214,-0.13776302337646484,0.05021476373076439,0.03931567072868347
79654,0.00827686209231615,-0.006602958310395479,0.9996854066848755,0.13203398883342743,0.08826126158237457,0.007886230945587158
79754,0.010248619131743908,-0.006541727110743523,0.9977927803993225,0.008742870762944221,0.35315442085266113,0.15778769552707672
79854,0.01164103765040636,-0.006536338943988085,0.999519944190979,-0.06081926077604294,-0.06982240080833435,-0.013873244635760784
79954,0.009293091483414173,-0.006142063066363335,1.0007705688476562,0.05929979309439659,-0.22840826213359833,-0.06076684594154358
80054,0.009439084678888321,-0.006692367140203714,1.0002843141555786,0.16708269715309143,-0.2426171749830246,0.18755105137825012
80154,0.008362744934856892,-0.003955912310630083,1.0009833574295044,-0.3106948137283325,0.0029960793908685446,-0.009381284937262535
80254,0.011212658137083054,-0.006173624191433191,0.9984368085861206,-0.3315213620662689,-0.08331125229597092,-0.1521945297718048
80354,0.011095081456005573,-0.004306301940232515,0.9991320967674255,0.10740364342927933,0.15267305076122284,0.4503764510154724
80454,0.009720617905259132,-0.004257482010871172,0.9998109936714172,-0.001208389992825687,0.022806376218795776,-0.23798637092113495
80554,0.00975671038031578,-0.007367930840700865,0.9998584985733032,-0.17600038647651672,-0.2013668268918991,0.09352170675992966
80654,0.010970385745167732,-0.005416208412498236,1.000925898551941,0.05609093979001045,0.1835818737745285,0.0006894704420119524
80754,0.008800107054412365,-0.004598585888743401,0.9982382655143738,0.20800766348838806,-0.14799052476882935,0.12844514846801758
80854,0.010836265049874783,-0.0045913225039839745,0.9996545910835266,-0.17334258556365967,0.22790288925170898,0.02008531428873539
80954,0.008276605978608131,-0.0037312435451895,1.0002228021621704,0.11150286346673965,-0.0336950421333313,-0.10027209669351578
81054,0.009208234958350658,-0.007091186475008726,0.9994515180587769,0.07395283877849579,0.24574647843837738,-0.1773991733789444
81154,0.01075693778693676,-0.006530193146318197,1.0009733438491821,0.11743196099996567,-0.11398042738437653,0.13283245265483856
81254,0.00999939814209938,-0.0064849150367081165,0.998773455619812,-0.035190366208553314,-0.1758277863264084,0.08374936878681183
81354,0.008734150789678097,-0.00799160823225975,0.9984729886054993,-0.22302572429180145,-0.08154473453760147,-0.25145864486694336
81454,0.009433961473405361,-0.00623395387083292,0.9994614124298096,0.0721832811832428,-0.06658345460891724,0.1573822945356369
81554,0.010770253837108612,-0.004098459146916866,0.9991360902786255,0.05289343744516373,-0.07304178178310394,-0.12798164784908295
81654,0.009749149903655052,-0.005139804445207119,0.9991145730018616,-0.06058865785598755,0.02752973698079586,-0.12231839448213577
81754,0.009932604618370533,-0.004510628525167704,0.9992331862449646,-0.270829439163208,-0.18045127391815186,-0.1587054282426834
81854,0.00930714700371027,-0.006413397844880819,0.9986690878868103,-0.24164865911006927,0.15817955136299133,-0.12458951771259308
81954,0.007983522489666939,-0.005078819580376148,1.0017088651657104,-0.09045402705669403,-0.13569101691246033,0.026957999914884567
82054,0.008257312700152397,-0.00522542605176568,0.9987205862998962,0.054746005684137344,-0.3070058524608612,-0.11329546570777893
82154,0.006089408881962299,-0.005441746208816767,0.9999226331710815,0.2748331129550934,-0.27605465054512024,0.017746223136782646
82254,0.008983386680483818,-0.005117630586028099,0.9987426400184631,-0.3241434097290039,0.39190471172332764,0.10160693526268005
82354,0.009307741187512875,-0.006343192420899868,0.9989892840385437,-0.16434156894683838,-0.20659419894218445,0.1755792200565338
82454,0.008235369808971882,-0.007735370192676783,1.0004212856292725,0.25710341334342957,0.023613348603248596,-0.12536627054214478
82554,0.011995768174529076,-0.007775954436510801,0.9980360865592957,0.1014920100569725,0.1577051430940628,-0.192109614610672
82654,0.010511981323361397,-0.007860323414206505,0.9997795820236206,-0.12122417241334915,0.06944908201694489,0.10485758632421494
82754,0.0099180294200778,-0.007160441018640995,0.998931348323822,-0.1609640121459961,0.08134318888187408,-0.1084386333823204
82854,0.00845372024923563,-0.004440183751285076,0.9995289444923401,0.14007379114627838,-0.08782180398702621,-0.1853102445602417
82954,0.008313588798046112,-0.007126346696168184,1.0006641149520874,-0.19837187230587006,-0.4353519380092621,0.0455884225666523
83054,0.010160553269088268,-0.0064795915968716145,1.0003907680511475,0.16639091074466705,-0.24410037696361542,0.1528322398662567
83154,0.009593896567821503,-0.006910235621035099,1.0009883642196655,0.06361294537782669,-0.22154678404331207,-0.2747197151184082
83254,0.010931559838354588,-0.009146253578364849,1.0031468868255615,0.15386754274368286,-0.308877170085907,-0.032445140182971954
83354,0.012264474295079708,-0.0020838079508394003,1.0009626150131226,-0.08586665987968445,0.07848545163869858,-0.09592221677303314
83454,0.010702775791287422,-0.0077900355681777,0.9998604655265808,-0.09928994625806808,0.08341921120882034,0.004381448961794376
83554,0.008812791667878628,-0.005039694719016552,0.9996189475059509,-0.2288377732038498,0.1314951628446579,0.07115700840950012
83654,0.009791254065930843,-0.0035340681206434965,1.0019549131393433,-0.008429473266005516,0.019382508471608162,0.0026567019522190094
83754,0.009077729657292366,-0.00569299329072237,1.0012892484664917,-0.2050086110830307,0.1953386813402176,0.020114118233323097
83854,0.010191265493631363,-0.0065363929606974125,1.0011062622070312,0.003821179736405611,-0.26221102476119995,-0.1306154876947403
83954,0.010764740407466888,-0.0062295906245708466,0.9989808797836304,0.24986349046230316,0.17792478203773499,0.004129698034375906
84054,0.011965942569077015,-0.006986810825765133,0.9989691972732544,0.05920838192105293,-0.13942937552928925,0.10749772191047668
84154,0.012216159142553806,-0.005015527363866568,1.0002868175506592,0.060349687933921814,0.030123474076390266,0.024653274565935135
84254,0.010713077150285244,-0.003904833225533366,0.9993675947189331,0.10622859001159668,0.038172755390405655,0.07039296627044678
84354,0.009353701025247574,-0.005133874714374542,0.9983236193656921,-0.012790440581738949,0.06610559672117233,-0.03236759081482887
84454,0.009742281399667263,-0.004379105754196644,1.000939130783081,-0.28936997056007385,-0.20281434059143066,-0.10076926648616791
84554,0.01057666540145874,-0.003981324844062328,1.0000355243682861,-0.14772364497184753,-0.4773063361644745,-0.2425508201122284
84654,0.008541666902601719,-0.004297170322388411,1.001449704170227,-0.031306084245443344,0.2031881958246231,-0.10165590047836304
84754,0.008780607022345066,-0.004616746678948402,1.000006914138794,0.0006239538197405636,-0.21736007928848267,-0.24794840812683105
84854,0.010816246271133423,-0.006205959711223841,0.999839723110199,0.06384910643100739,-0.21818044781684875,0.014711546711623669
84954,0.008636792190372944,-0.005307022016495466,1.0018731355667114,-0.15801067650318146,0.048151493072509766,0.1904505491256714
85054,0.009557787328958511,-0.0041802129708230495,0.9984290599822998,-0.2716658413410187,0.02154070883989334,-0.05503453314304352
85154,0.01077469252049923,-0.004138321615755558,0.998970091342926,0.2557605504989624,-0.14077560603618622,-0.05272621288895607
85254,0.008723967708647251,-0.005309523083269596,0.9980869293212891,0.07656025141477585,-0.05766937509179115,0.24875496327877045
85354,0.0043799239210784435,-0.004347063135355711,0.9992810487747192,-0.08401339501142502,-0.10052262246608734,0.004324032459408045
85454,0.008740383200347424,-0.00489610992372036,0.9990358352661133,0.19137117266654968,-0.26393792033195496,-0.011883732862770557
85554,0.010485418140888214,-0.0054613868705928326,0.9961318373680115,-0.07131266593933105,0.007419085130095482,-0.10817249119281769
85654,0.011677969247102737,-0.007301491219550371,0.9972918033599854,-0.2869991064071655,-0.1091756522655487,-0.10782099515199661
85754,0.01090000569820404,-0.00664684921503067,0.9990918636322021,-0.07746100425720215,-0.036882709711790085,0.05221359431743622
85854,0.009423570707440376,-0.0063428920693695545,0.9990293383598328,0.21482498943805695,0.21656660735607147,-0.12032562494277954
85954,0.009352533146739006,-0.006326219532638788,0.9981675148010254,0.34209632873535156,0.23644226789474487,0.2082807868719101
86054,0.010260145179927349,-0.006105753593146801,1.001096248626709,0.18085318803787231,0.0014749919064342976,0.08644334971904755
86154,0.010735414922237396,-0.004192173480987549,0.9976339340209961,0.11929358541965485,-0.21958813071250916,0.06522702425718307
86254,0.009322669357061386,-0.006824771407991648,0.9981321096420288,-0.1554444283246994,0.12563912570476532,0.01667679473757744
86354,0.010456116870045662,-0.0037764394655823708,0.998106062412262,0.15394403040409088,-0.07172838598489761,0.13713283836841583
86454,0.010894853621721268,-0.0041988142766058445,1.0015933513641357,0.08951099961996078,-0.12194741517305374,0.16186575591564178
86554,0.008565460331737995,-0.005377157591283321,0.9989468455314636,-0.10009435564279556,0.02018507570028305,-0.02656993269920349
86654,0.008847675286233425,-0.005265152081847191,1.0013962984085083,0.2430398017168045,-0.027166612446308136,0.18157745897769928
86754,0.010825589299201965,-0.004527099430561066,1.0015745162963867,-0.3971717357635498,-0.1460140496492386,-0.20198625326156616
86854,0.009784655645489693,-0.005725086200982332,0.9995130300521851,0.17855672538280487,0.013568799942731857,0.13943135738372803
86954,0.010278248228132725,-0.006079196929931641,1.001112461090088,0.04380050301551819,-0.059304725378751755,-0.18234236538410187
87054,0.009575813077390194,-0.005796980578452349,0.9998819231987,-0.07353316992521286,-0.3433147668838501,0.02884712629020214
87154,0.010727227665483952,-0.004455318674445152,1.0024923086166382,-0.013293708674609661,0.12056563794612885,0.15451477468013763
87254,0.01024442445486784,-0.006982170511037111,0.9985679388046265,-0.14566703140735626,0.208310067653656,0.07297850400209427
87354,0.009057918563485146,-0.0055284821428358555,1.0021564960479736,-0.09108743071556091,0.05089516192674637,-0.11511159688234329
87454,0.00938897579908371,-0.004188442602753639,1.0005699396133423,0.1816897839307785,-0.03774981200695038,0.24764473736286163
87554,0.010149721056222916,-0.006034945137798786,1.0004152059555054,0.20788894593715668,0.18558268249034882,-0.2111392617225647
87654,0.011099708266556263,-0.004373866133391857,1.000276803970337,-0.08093087375164032,-0.23588106036186218,-0.1305336356163025
87754,0.012115673162043095,-0.00448248814791441,0.9986267685890198,0.1400410681962967,0.06588172167539597,0.15492063760757446
87854,0.00937288161367178,-0.005531925242394209,0.9995455145835876,-0.02956562116742134,0.03680096194148064,-0.18477599322795868
87954,0.009265521541237831,-0.008500579744577408,1.0018543004989624,-0.15360921621322632,-0.035664986819028854,-0.114007867872715
88054,0.008016170002520084,-0.004801053088158369,1.0010735988616943,-0.18951326608657837,-0.05281033739447594,0.04266185313463211
88154,0.009351886808872223,-0.003264568978920579,1.001808524131775,-0.10217463225126266,-0.32164162397384644,0.07153524458408356
88254,0.011538194492459297,-0.0055412547662854195,0.9989877939224243,0.02480509877204895,0.04861735552549362,0.23099222779273987
88354,0.00847634207457304,-0.006316212937235832,1.0012645721435547,0.17262178659439087,0.1659177541732788,0.33151933550834656
88454,0.00795050524175167,-0.007431930862367153,0.9986116290092468,0.09920071810483932,-0.08654824644327164,0.11151738464832306
88554,0.007912937551736832,-0.0065099336206912994,1.0006548166275024,0.20609375834465027,-0.005501410458236933,0.05580143257975578
88654,0.010347683914005756,-0.007398861926048994,0.999496340751648,0.051178425550460815,-0.17946864664554596,0.029250966385006905
88754,0.011052535846829414,-0.004372148774564266,0.9987573027610779,0.0720059797167778,0.028499839827418327,0.14458918571472168
88854,0.012270254082977772,-0.003920011222362518,1.0000673532485962,0.25139322876930237,-0.1138773038983345,-0.0062909675762057304
88954,0.009703540243208408,-0.00740324379876256,1.0011831521987915,-0.14016102254390717,-0.1705421805381775,-0.12074533104896545
89054,0.009177870117127895,-0.006203210446983576,1.001905918121338,0.20824092626571655,-0.255633682012558,0.0977877601981163
89154,0.00949869118630886,-0.005744697526097298,1.001146674156189,0.316754549741745,-0.015824854373931885,-0.06114662066102028
89254,0.008705999702215195,-0.005069568753242493,0.999975323677063,0.34371840953826904,0.002496217843145132,-0.1689777821302414
89354,0.00912215281277895,-0.004162897821515799,1.0033729076385498,-0.0499584786593914,0.2454112470149994,0.0972081795334816
89454,0.009385200217366219,-0.004633771721273661,0.99828040599823,0.22669848799705505,-0.10579890012741089,0.27108243107795715
89554,0.010787713341414928,-0.005024510435760021,1.002778172492981,0.09652955085039139,-0.1754504144191742,0.076967753469944
89654,0.008280144073069096,-0.006812537554651499,1.001550555229187,0.11379797011613846,-0.23635870218276978,-0.07251095771789551
89754,0.007412478793412447,-0.005158171057701111,1.000295877456665,0.01100978534668684,-0.1378713995218277,0.11630561202764511
89854,0.00872157420963049,-0.004665438085794449,0.9988867044448853,0.04549959674477577,-0.04952868074178696,-0.10553526878356934
89954,0.007612256798893213,-0.004970500245690346,1.0000954866409302,0.11510798335075378,0.08870920538902283,-0.14480184018611908
90054,0.008964036591351032,-0.004356347490102053,0.9992315173149109,0.19128791987895966,-0.24514077603816986,0.03986073285341263
90154,0.008853917010128498,-0.004022222012281418,1.000741720199585,-0.049709971994161606,-0.12809501588344574,-0.04945128411054611
90254,0.009683569893240929,-0.004561505280435085,1.0008758306503296,-0.007198089733719826,0.2705593407154083,-0.09841885417699814
90354,0.0101170614361763,-0.005657325964421034,1.0009232759475708,-0.06460051238536835,-0.3181537091732025,0.11760597676038742
90454,0.00794267188757658,-0.0068565295077860355,0.9996260404586792,-0.015250436961650848,-0.12182410061359406,-0.17267686128616333
90554,0.010632750578224659,-0.00540172541514039,0.9998095631599426,0.16449828445911407,0.13654902577400208,0.21998172998428345
90654,0.010425180196762085,-0.0046685016714036465,0.998885452747345,-0.04652594029903412,0.41889795660972595,-0.017326880246400833
90754,0.009354381822049618,-0.006006663665175438,1.0003693103790283,0.10968846082687378,-0.22450214624404907,-0.2994230091571808
90854,0.010323042050004005,-0.004081537947058678,1.001266360282898,-0.09590043872594833,-0.20568397641181946,-0.010016171261668205
90954,0.009062109515070915,-0.001757016172632575,1.0005227327346802,0.07032160460948944,-0.052384525537490845,-0.009211510419845581
91054,0.009865234605967999,-0.0045597003772854805,0.9987115859985352,-0.18247145414352417,0.13315823674201965,-0.034511495381593704
91154,0.011169364675879478,-0.006252894178032875,0.9990141987800598,-0.1732969880104065,-0.11252789199352264,-0.23500476777553558
91254,0.010592260397970676,-0.00648682564496994,0.9995443820953369,0.14956294000148773,0.29661548137664795,0.23959431052207947
91354,0.011314853094518185,-0.006719982251524925,0.9973931312561035,0.14305303990840912,0.014254897832870483,-0.03171778842806816
91454,0.008724361658096313,-0.007946361787617207,0.9987103939056396,-0.2824757695198059,-0.0076869516633450985,-0.034313928335905075
91554,0.010222614742815495,-0.0053858403116464615,0.9986562728881836,-0.13308341801166534,-0.1592903435230255,0.031381648033857346
91654,0.010174371302127838,-0.003839749377220869,0.9994357824325562,-0.13932566344738007,0.09707120805978775,-0.030836647376418114
91754,0.008054529316723347,-0.0033040845301002264,0.9994412660598755,-0.2168387770652771,0.12602099776268005,0.07253146171569824
91854,0.007604326121509075,-0.0049127028323709965,0.9995208978652954,0.1204439178109169,-0.023242779076099396,-0.08759219944477081
91954,0.009578544646501541,-0.005385515280067921,0.9986051917076111,-0.02473299577832222,-0.13891322910785675,-0.04944683238863945
92054,0.009574650786817074,-0.006788871716707945,1.0009738206863403,-0.05882715433835983,-0.035120751708745956,0.32484492659568787
92154,0.009140620008111,-0.0055719902738928795,1.0016688108444214,0.08460862934589386,-0.17649058997631073,-0.16586598753929138
92254,0.009718187153339386,-0.0030632761772722006,1.0011781454086304,-0.2503202259540558,-0.037884652614593506,-0.03237810730934143
92354,0.009907702915370464,-0.005508389323949814,0.9988738298416138,-0.10538945347070694,0.31757867336273193,0.15597479045391083
92454,0.011539173312485218,-0.005042050965130329,0.998382568359375,0.03966779634356499,0.12237796187400818,0.02090245671570301
92554,0.008122492581605911,-0.007106974720954895,0.9972741007804871,0.05351795256137848,0.05894424021244049,0.24272660911083221
92654,0.006226282566785812,-0.0035737021826207638,0.9999335408210754,-0.02581973560154438,-0.0920233279466629,-0.10021276026964188
92754,0.010168276727199554,-0.006057963240891695,0.9987707734107971,0.10135408490896225,-0.11258341372013092,-0.15573206543922424
92854,0.010523868724703789,-0.007440339308232069,0.9988639950752258,-0.18056924641132355,-0.16115929186344147,0.12793764472007751
92954,0.011151161044836044,-0.00580941466614604,0.9990233182907104,-0.10074834525585175,-0.104613296687603,0.18341541290283203
93054,0.009177875705063343,-0.004763626493513584,1.0005391836166382,-0.07757469266653061,-0.39330047369003296,-0.001929504913277924
93154,0.012223457917571068,-0.003320445539429784,1.0005176067352295,-0.27451732754707336,0.17572490870952606,0.06679760664701462
93254,0.010931804776191711,-0.006098809186369181,1.0002161264419556,1.8463759261067025e-05,0.13333407044410706,0.24063250422477722
93354,0.009309989400207996,-0.008066033944487572,1.0005830526351929,0.08078484982252121,-0.0620604045689106,-0.15114633738994598
93454,0.01052936539053917,-0.006551224738359451,0.9991695880889893,0.0009935934795066714,0.13055145740509033,0.09826656430959702
93554,0.00836960319429636,-0.00470156641677022,0.9976385235786438,-0.23529686033725739,0.010853937827050686,-0.07042716443538666
93654,0.01118837296962738,-0.004006660543382168,1.0008903741836548,0.24951958656311035,0.07144787907600403,0.1699191927909851
93754,0.011675553396344185,-0.0047486149705946445,0.9997860193252563,0.18547677993774414,0.16424214839935303,0.11659936606884003
93854,0.010067521594464779,-0.004491135478019714,1.000934362411499,-0.0015600755577906966,0.015182366594672203,-0.02149193547666073
93954,0.00968784186989069,-0.0041806562803685665,1.0009037256240845,0.21248012781143188,0.04830397292971611,0.0038843094371259212
94054,0.009202779270708561,-0.008122270926833153,0.9972215294837952,-0.12255482375621796,-0.25441521406173706,0.01758625917136669
94154,0.009523219428956509,-0.005457012914121151,1.0018235445022583,0.4518526494503021,-0.11013332009315491,-0.12689600884914398
94254,0.010547259822487831,-0.004649116657674313,0.9995123744010925,-0.12616735696792603,0.23169071972370148,0.01257361937314272
94354,0.010070537216961384,-0.0034406872000545263,0.9999907612800598,-0.1395522952079773,0.002651860937476158,0.008322734385728836
94454,0.008489553816616535,-0.004755915608257055,0.9998622536659241,-0.12802022695541382,0.20570088922977448,0.03847059980034828
94554,0.00708839250728488,-0.007078121416270733,1.000556468963623,0.18961745500564575,-0.006672712508589029,0.19110727310180664
